"Name","Puzzles/moveAccuracy.max","Train/loss.min","num_features","Agent","State","Notes","User","Tags","Created","Runtime","Sweep","batch-size","batch_size","batches_per_epoch","batches_per_step","checkpoint_interval","command","feature-set","feature_set","ft-size","ft_size","l1-size","l1_size","l2-size","l2_size","learning-rate","learning_rate","max_samples","method","metric.goal","metric.name","name","parameters.batch-sizes","parameters.batch_sizes","parameters.feature-sets","parameters.feature_sets","parameters.ft-sizes","parameters.ft_sizes","parameters.l1-sizes","parameters.l1_sizes","parameters.l2-sizes","parameters.l2_sizes","parameters.learning-rates","parameters.learning_rates","parameters.wandb-projects","parameters.wandb_projects","program","puzzle_interval","steps","wandb-project","wandb_project","Puzzles/accuracy","Puzzles/advancedPawn","Puzzles/advantage","Puzzles/anastasiaMate","Puzzles/arabianMate","Puzzles/attackingF2F7","Puzzles/attraction","Puzzles/backRankMate","Puzzles/bishopEndgame","Puzzles/bodenMate","Puzzles/capturingDefender","Puzzles/castling","Puzzles/clearance","Puzzles/crushing","Puzzles/defensiveMove","Puzzles/deflection","Puzzles/discoveredAttack","Puzzles/doubleBishopMate","Puzzles/doubleCheck","Puzzles/dovetailMate","Puzzles/enPassant","Puzzles/endgame","Puzzles/equality","Puzzles/exposedKing","Puzzles/fork","Puzzles/hangingPiece","Puzzles/hookMate","Puzzles/interference","Puzzles/intermezzo","Puzzles/kingsideAttack","Puzzles/knightEndgame","Puzzles/long","Puzzles/master","Puzzles/masterVsMaster","Puzzles/mate","Puzzles/mateIn1","Puzzles/mateIn2","Puzzles/mateIn3","Puzzles/mateIn4","Puzzles/mateIn5","Puzzles/middlegame","Puzzles/oneMove","Puzzles/opening","Puzzles/pawnEndgame","Puzzles/pin","Puzzles/promotion","Puzzles/queenEndgame","Puzzles/queenRookEndgame","Puzzles/queensideAttack","Puzzles/quietMove","Puzzles/rating1000to1199","Puzzles/rating1200to1399","Puzzles/rating1400to1599","Puzzles/rating1600to1799","Puzzles/rating1800to1999","Puzzles/rating2000to2199","Puzzles/rating200to399","Puzzles/rating2200to2399","Puzzles/rating2400to2599","Puzzles/rating2600to2799","Puzzles/rating2800to2999","Puzzles/rating400to599","Puzzles/rating600to799","Puzzles/rating800to999","Puzzles/rookEndgame","Puzzles/sacrifice","Puzzles/short","Puzzles/skewer","Puzzles/smotheredMate","Puzzles/superGM","Puzzles/trappedPiece","Puzzles/underPromotion","Puzzles/veryLong","Puzzles/xRayAttack","Puzzles/zugzwang","Train/loss","Train/lr","Train/samples","Weight/mean-f1","Weight/mean-l1","Weight/mean-l2","Weight/mean-out"
"eval_4096_d1d2[2700]->2048x2->32->32","0.8515625","0.010211127577349544","2700","","finished","-","","","2024-08-16T23:54:46.000Z","3909","t7p4kliv","","4096","","","16","","","d1d2","","2048","","32","","32","","0.0015","1073741824","eval","","","","","","","","","","","","","","","","","","","32","1024","","cs-master-thesis","","0.6059701492537314","0.7555309734513275","","","0.7333333333333333","0.6727272727272727","","0.4698795180722892","","0.8421052631578947","0.6808510638297872","0.5232558139534884","0.6308470290771175","0.4659090909090909","0.6535947712418301","0.7619047619047619","","0.6578947368421053","","0.7411764705882353","0.6254098360655738","0.8765432098765432","0.5379746835443038","0.8216374269005848","0.8118811881188119","","0.7159090909090909","0.8681318681318682","0.6428571428571429","0.5411764705882353","0.6578947368421053","0.7295597484276729","0.7549019607843137","","","","","","","0.7201017811704835","","0.8323353293413174","0.4390243902439024","0.6515837104072398","0.6519337016574586","0.75","0.7352941176470589","0.6829268292682927","0.30196078431372547","0.9357798165137616","0.9717741935483872","0.9078947368421052","0.8900343642611683","0.7848101265822784","0.7080745341614907","","0.5679442508710801","0.3486238532110092","0.20994475138121543","0.1043956043956044","","","","0.5954198473282443","0.5210727969348659","0.8347602739726028","0.7362637362637363","","0.8181818181818182","0.8602150537634409","0.6829268292682927","0.3847619047619047","0.7727272727272727","0.4352941176470588","","4.8298586337197624e-8","1074790400","-0.017155082896351814","-0.00469545554369688","-0.013183481991291046","-0.067448191344738"
"eval_4096_hd1+vd2[2880]->2048x2->32->32","0.849676724137931","0.011205483871890465","2880","","finished","-","","","2024-08-17T13:38:43.000Z","4020","t7p4kliv","","4096","","","16","","","hd1+vd2","","2048","","32","","32","","0.0015","1073741824","eval","","","","","","","","","","","","","","","","","","","32","1024","","cs-master-thesis","","0.591044776119403","0.75","","","0.7777777777777778","0.6242424242424243","","0.4578313253012048","","0.8210526315789474","0.6808510638297872","0.46511627906976744","0.6321112515802781","0.4659090909090909","0.6601307189542484","0.7428571428571429","","0.6842105263157895","","0.7529411764705882","0.6131147540983607","0.8888888888888888","0.5253164556962026","0.7894736842105263","0.801980198019802","","0.7613636363636364","0.8681318681318682","0.6587301587301587","0.5411764705882353","0.6590389016018307","0.710691823899371","0.696078431372549","","","","","","","0.7302798982188295","","0.844311377245509","0.4451219512195122","0.6561085972850679","0.6298342541436464","0.7083333333333334","0.7941176470588235","0.6829268292682927","0.30980392156862746","0.9403669724770642","0.9556451612903226","0.9046052631578948","0.8934707903780069","0.7848101265822784","0.6987577639751553","","0.5470383275261324","0.3440366972477064","0.24861878453038672","0.12637362637362637","","","","0.5190839694656488","0.524904214559387","0.8381849315068494","0.7582417582417582","","0.7532467532467533","0.8602150537634409","0.6585365853658537","0.37142857142857144","0.8181818181818182","0.4235294117647059","","1.4081220506471613e-7","1074790400","-0.040682271122932434","-0.00040527788223698735","0.0038925670087337494","0.12421094626188278"
"eval_4096_hv[768]->1024x2->32->32","0.8469827586206896","0.010974589495162944","768","","finished","-","","","2024-08-16T16:29:54.000Z","1862","t7p4kliv","","4096","","","16","","","hv","","1024","","32","","32","","0.0015","1073741824","eval","","","","","","","","","","","","","","","","","","","32","1024","","cs-master-thesis","","0.6149253731343284","0.7522123893805309","","","0.7555555555555555","0.6727272727272727","","0.5060240963855421","","0.8421052631578947","0.7127659574468085","0.5465116279069767","0.6352718078381795","0.4829545454545454","0.6470588235294118","0.780952380952381","","0.6842105263157895","","0.7058823529411765","0.6204918032786885","0.9135802469135802","0.5316455696202531","0.8011695906432749","0.8217821782178217","","0.7613636363636364","0.8901098901098901","0.6349206349206349","0.5529411764705883","0.6567505720823799","0.7075471698113207","0.7156862745098039","","","","","","","0.731128074639525","","0.8323353293413174","0.4451219512195122","0.6470588235294118","0.6408839779005525","0.7708333333333334","0.7352941176470589","0.6341463414634146","0.30980392156862746","0.9403669724770642","0.9435483870967742","0.924342105263158","0.8865979381443299","0.7911392405063291","0.7080745341614907","","0.5400696864111498","0.3669724770642202","0.2541436464088398","0.12087912087912088","","","","0.5419847328244275","0.5402298850574713","0.8373287671232876","0.7912087912087912","","0.7662337662337663","0.8387096774193549","0.6463414634146342","0.3942857142857143","0.75","0.38823529411764707","","3.380901043603833e-8","1074790400","-0.06311739981174469","-0.007483206689357758","-0.002231770195066929","0.059204671531915665"
"eval_4096_hv[768]->2048x2->32->32","0.8463092672413793","0.010279108970280504","768","","finished","-","","","2024-08-16T17:01:04.000Z","2726","t7p4kliv","","4096","","","16","","","hv","","2048","","32","","32","","0.0015","1073741824","eval","","","","","","","","","","","","","","","","","","","32","1024","","cs-master-thesis","","0.5701492537313433","0.7488938053097345","","","0.7333333333333333","0.6484848484848484","","0.4698795180722892","","0.8315789473684211","0.7127659574468085","0.5581395348837209","0.6188369152970923","0.4659090909090909","0.6535947712418301","0.7333333333333333","","0.7105263157894737","","0.6705882352941176","0.5983606557377049","0.8271604938271605","0.5126582278481012","0.8157894736842105","0.7821782178217822","","0.7613636363636364","0.8791208791208791","0.6111111111111112","0.4588235294117647","0.6544622425629291","0.7012578616352201","0.7156862745098039","","","","","","","0.720949957591179","","0.8502994011976048","0.35365853658536583","0.669683257918552","0.5911602209944752","0.6875","0.7058823529411765","0.6341463414634146","0.3137254901960784","0.9357798165137616","0.9596774193548387","0.881578947368421","0.865979381443299","0.7911392405063291","0.6832298136645962","","0.5470383275261324","0.3256880733944954","0.2320441988950276","0.1153846153846154","","","","0.549618320610687","0.5402298850574713","0.8261986301369864","0.7582417582417582","","0.7272727272727273","0.8279569892473119","0.6463414634146342","0.35428571428571426","0.7954545454545454","0.4117647058823529","","3.380901043603833e-8","1074790400","-0.06650664657354355","-0.004948954563587904","0.0022510839626193047","-0.01887612976133823"
"eval_4096_d1d2[2700]->1024x2->32->32","0.8459051724137931","0.011145699136250188","2700","","finished","-","","","2024-08-16T23:20:15.000Z","2065","t7p4kliv","","4096","","","16","","","d1d2","","1024","","32","","32","","0.0015","1073741824","eval","","","","","","","","","","","","","","","","","","","32","1024","","cs-master-thesis","","0.591044776119403","0.7444690265486725","","","0.6888888888888889","0.6424242424242425","","0.5060240963855421","","0.8421052631578947","0.7021276595744681","0.5","0.6169405815423514","0.46875","0.673202614379085","0.7714285714285715","","0.6842105263157895","","0.7176470588235294","0.6024590163934426","0.8641975308641975","0.5379746835443038","0.8157894736842105","0.8316831683168316","","0.75","0.8681318681318682","0.626984126984127","0.4941176470588235","0.6556064073226545","0.6792452830188679","0.696078431372549","","","","","","","0.7184054283290925","","0.8143712574850299","0.4207317073170731","0.6334841628959276","0.6408839779005525","0.6875","0.7352941176470589","0.5853658536585366","0.30980392156862746","0.9311926605504588","0.9556451612903226","0.9078947368421052","0.8762886597938144","0.7721518987341772","0.6521739130434783","","0.5296167247386759","0.3486238532110092","0.24861878453038672","0.1153846153846154","","","","0.5419847328244275","0.5057471264367817","0.8202054794520548","0.7362637362637363","","0.7012987012987013","0.8172043010752689","0.6585365853658537","0.3580952380952381","0.75","0.4470588235294118","","3.380901043603833e-8","1074790400","-0.018476394936442375","-0.004117162898182869","-0.032099414616823196","-0.19732607901096344"
"eval_4096_hv+d1d2[3468]->2048x2->32->32","0.845635775862069","0.011156366614159197","3468","","finished","-","","","2024-08-17T04:49:55.000Z","4405","t7p4kliv","","4096","","","16","","","hv+d1d2","","2048","","32","","32","","0.0015","1073741824","eval","","","","","","","","","","","","","","","","","","","32","1024","","cs-master-thesis","","0.6029850746268657","0.7511061946902655","","","0.7555555555555555","0.6909090909090909","","0.4698795180722892","","0.8526315789473684","0.6382978723404256","0.5","0.622629582806574","0.4602272727272727","0.6862745098039216","0.7523809523809524","","0.7105263157894737","","0.7529411764705882","0.6065573770491803","0.8765432098765432","0.5063291139240507","0.8157894736842105","0.7821782178217822","","0.7613636363636364","0.8791208791208791","0.626984126984127","0.4941176470588235","0.6521739130434783","0.7044025157232704","0.7254901960784313","","","","","","","0.7268871925360475","","0.8203592814371258","0.4512195121951219","0.6561085972850679","0.6408839779005525","0.6458333333333334","0.6470588235294118","0.6585365853658537","0.30980392156862746","0.9357798165137616","0.9637096774193548","0.9144736842105264","0.865979381443299","0.7689873417721519","0.6863354037267081","","0.5644599303135889","0.3256880733944954","0.2541436464088398","0.1043956043956044","","","","0.5572519083969466","0.5517241379310345","0.833904109589041","0.7582417582417582","","0.7012987012987013","0.8709677419354839","0.6707317073170732","0.3638095238095238","0.8409090909090909","0.4","","2.0116029294959449e-7","1074790400","-0.03312280401587486","-0.0024826687294989824","-0.049759700894355774","-0.049336157739162445"
"eval_4096_hd1+vd2[2880]->1024x2->32->32","0.8450969827586207","0.011876578504598","2880","","finished","-","","","2024-08-17T12:59:39.000Z","2340","t7p4kliv","","4096","","","16","","","hd1+vd2","","1024","","32","","32","","0.0015","1073741824","eval","","","","","","","","","","","","","","","","","","","32","1024","","cs-master-thesis","","0.6149253731343284","0.7444690265486725","","","0.8222222222222222","0.6727272727272727","","0.4939759036144578","","0.8421052631578947","0.7127659574468085","0.46511627906976744","0.6232616940581542","0.4801136363636363","0.6274509803921569","0.7857142857142857","","0.7368421052631579","","0.7058823529411765","0.610655737704918","0.8518518518518519","0.5189873417721519","0.8128654970760234","0.8514851485148515","","0.7159090909090909","0.8351648351648352","0.6349206349206349","0.5294117647058824","0.6544622425629291","0.7075471698113207","0.7058823529411765","","","","","","","0.7175572519083969","","0.8143712574850299","0.3902439024390244","0.669683257918552","0.6298342541436464","0.6875","0.8529411764705882","0.6341463414634146","0.3058823529411765","0.9403669724770642","0.9556451612903226","0.8848684210526315","0.8762886597938144","0.810126582278481","0.6863354037267081","","0.5574912891986062","0.3211009174311927","0.2209944751381215","0.08241758241758242","","","","0.5725190839694656","0.5287356321839081","0.824486301369863","0.7362637362637363","","0.7012987012987013","0.8064516129032258","0.6951219512195121","0.3676190476190476","0.7954545454545454","0.3764705882352941","","4.8298586337197624e-8","1074790400","-0.03962318226695061","-0.002090922323986888","-0.007141434121876955","0.0338643454015255"
"eval_4096_hv+d1d2[3468]->1024x2->32->32","0.8434806034482759","0.011871272952703292","3468","","finished","-","","","2024-08-17T04:01:32.000Z","2895","t7p4kliv","","4096","","","16","","","hv+d1d2","","1024","","32","","32","","0.0015","1073741824","eval","","","","","","","","","","","","","","","","","","","32","1024","","cs-master-thesis","","0.582089552238806","0.7300884955752213","","","0.7555555555555555","0.6787878787878788","","0.5060240963855421","","0.8105263157894737","0.6595744680851063","0.5232558139534884","0.618204804045512","0.4460227272727273","0.6470588235294118","0.7428571428571429","","0.6578947368421053","","0.6823529411764706","0.5991803278688524","0.8518518518518519","0.5506329113924051","0.8187134502923976","0.8118811881188119","","0.7386363636363636","0.8131868131868132","0.6111111111111112","0.4352941176470588","0.6338672768878718","0.7075471698113207","0.696078431372549","","","","","","","0.7116200169635284","","0.8203592814371258","0.3902439024390244","0.665158371040724","0.6187845303867403","0.6041666666666666","0.8235294117647058","0.6097560975609756","0.27450980392156865","0.9403669724770642","0.9475806451612904","0.9013157894736842","0.865979381443299","0.7784810126582279","0.6708074534161491","","0.5365853658536586","0.3073394495412844","0.23756906077348067","0.08241758241758242","","","","0.5648854961832062","0.5210727969348659","0.8304794520547946","0.7582417582417582","","0.7402597402597403","0.8172043010752689","0.6707317073170732","0.3485714285714286","0.7954545454545454","0.4","","3.380901043603833e-8","1074790400","-0.032551851123571396","-0.0006895067635923624","-0.0001468844711780548","0.12662018835544586"
"eval_4096_vd1+hd2[2880]->1024x2->32->32","0.8410560344827587","0.01187691262748558","2880","","finished","-","","","2024-08-17T15:39:16.000Z","2472","t7p4kliv","","4096","","","16","","","vd1+hd2","","1024","","32","","32","","0.0015","1073741824","eval","","","","","","","","","","","","","","","","","","","32","1024","","cs-master-thesis","","0.608955223880597","0.7378318584070797","","","0.7555555555555555","0.6181818181818182","","0.4819277108433735","","0.8315789473684211","0.6702127659574468","0.4534883720930232","0.6232616940581542","0.4914772727272727","0.6470588235294118","0.7619047619047619","","0.6052631578947368","","0.6823529411764706","0.6139344262295082","0.8024691358024691","0.4873417721518987","0.7982456140350878","0.8217821782178217","","0.7613636363636364","0.8131868131868132","0.6349206349206349","0.4941176470588235","0.6556064073226545","0.7075471698113207","0.7254901960784313","","","","","","","0.7065309584393554","","0.8083832335329342","0.4390243902439024","0.6334841628959276","0.6298342541436464","0.6041666666666666","0.8235294117647058","0.6341463414634146","0.2980392156862745","0.944954128440367","0.9596774193548387","0.881578947368421","0.8625429553264605","0.7848101265822784","0.6925465838509317","","0.5470383275261324","0.30275229357798167","0.2209944751381215","0.1153846153846154","","","","0.5572519083969466","0.4789272030651341","0.8279109589041096","0.7802197802197802","","0.7272727272727273","0.8494623655913979","0.6585365853658537","0.33904761904761904","0.7727272727272727","0.3647058823529411","","6.899798048171089e-8","1074790400","-0.04133618623018265","0.003145512426272034","-0.009151740930974483","0.11644501239061356"
"eval_4096_hv[768]->512x2->32->32","0.8405172413793104","0.012404501965647796","768","","finished","-","","","2024-08-16T16:07:50.000Z","1315","t7p4kliv","","4096","","","16","","","hv","","512","","32","","32","","0.0015","1073741824","eval","","","","","","","","","","","","","","","","","","","32","1024","","cs-master-thesis","","0.6059701492537314","0.7334070796460177","","","0.7333333333333333","0.6303030303030303","","0.4698795180722892","","0.7894736842105263","0.6914893617021277","0.4534883720930232","0.6213653603034134","0.46875","0.6274509803921569","0.7523809523809524","","0.7105263157894737","","0.7176470588235294","0.6131147540983607","0.8271604938271605","0.5063291139240507","0.8157894736842105","0.7722772277227723","","0.7045454545454546","0.8461538461538461","0.6031746031746031","0.5176470588235295","0.6441647597254004","0.6981132075471698","0.6862745098039216","","","","","","","0.6988973706530959","","0.8383233532934131","0.4268292682926829","0.6606334841628959","0.6464088397790055","0.7083333333333334","0.8235294117647058","0.6097560975609756","0.2823529411764706","0.944954128440367","0.9475806451612904","0.9013157894736842","0.872852233676976","0.7721518987341772","0.6583850931677019","","0.5400696864111498","0.3394495412844037","0.2209944751381215","0.1043956043956044","","","","0.5725190839694656","0.5057471264367817","0.8227739726027398","0.7582417582417582","","0.6623376623376623","0.8387096774193549","0.6341463414634146","0.36","0.7954545454545454","0.4588235294117647","","2.366630730522683e-8","1074790400","-0.05088406056165695","-0.002935216063633561","-0.013404576107859612","-0.032274652272462845"
"eval_4096_hd1+vd2[2880]->512x2->32->32","0.8405172413793104","0.012849207290855702","2880","","finished","-","","","2024-08-17T12:29:29.000Z","1804","t7p4kliv","","4096","","","16","","","hd1+vd2","","512","","32","","32","","0.0015","1073741824","eval","","","","","","","","","","","","","","","","","","","32","1024","","cs-master-thesis","","0.5582089552238806","0.7311946902654868","","","0.7555555555555555","0.6121212121212121","","0.4578313253012048","","0.8315789473684211","0.6808510638297872","0.4186046511627907","0.6106194690265486","0.4573863636363637","0.6339869281045751","0.7666666666666667","","0.6578947368421053","","0.7647058823529411","0.5983606557377049","0.8271604938271605","0.4873417721518987","0.783625730994152","0.8415841584158416","","0.7386363636363636","0.8021978021978022","0.6904761904761905","0.5176470588235295","0.6418764302059496","0.6792452830188679","0.7058823529411765","","","","","","","0.7056827820186599","","0.7904191616766467","0.4146341463414634","0.5927601809954751","0.574585635359116","0.6875","0.7941176470588235","0.5853658536585366","0.30196078431372547","0.9357798165137616","0.9475806451612904","0.8914473684210527","0.8281786941580757","0.7626582278481012","0.6677018633540373","","0.5052264808362369","0.3669724770642202","0.2320441988950276","0.10989010989010987","","","","0.4885496183206106","0.4942528735632184","0.8202054794520548","0.7472527472527473","","0.7272727272727273","0.8172043010752689","0.6341463414634146","0.3333333333333333","0.7727272727272727","0.38823529411764707","","2.366630730522683e-8","1074790400","-0.031005725264549255","0.0035319356247782707","-0.01057390496134758","0.07021094113588333"
"eval_4096_hv+d1d2[3468]->512x2->32->32","0.8391702586206896","0.0128562647223589","3468","","finished","-","","","2024-08-17T03:29:58.000Z","1887","t7p4kliv","","4096","","","16","","","hv+d1d2","","512","","32","","32","","0.0015","1073741824","eval","","","","","","","","","","","","","","","","","","","32","1024","","cs-master-thesis","","0.5552238805970149","0.7389380530973452","","","0.7111111111111111","0.6181818181818182","","0.4578313253012048","","0.8631578947368421","0.6808510638297872","0.3953488372093023","0.6087231352718079","0.46875","0.6405228758169934","0.780952380952381","","0.6578947368421053","","0.7058823529411765","0.5950819672131148","0.8888888888888888","0.4810126582278481","0.8011695906432749","0.8316831683168316","","0.7272727272727273","0.8351648351648352","0.6507936507936508","0.4823529411764706","0.6544622425629291","0.6540880503144654","0.7156862745098039","","","","","","","0.7133163698049194","","0.8143712574850299","0.4024390243902439","0.6606334841628959","0.574585635359116","0.625","0.7647058823529411","0.6097560975609756","0.2980392156862745","0.9357798165137616","0.9274193548387096","0.9078947368421052","0.8831615120274914","0.810126582278481","0.6708074534161491","","0.4982578397212544","0.3073394495412844","0.20994475138121543","0.08791208791208792","","","","0.5267175572519084","0.46360153256704983","0.8210616438356164","0.7582417582417582","","0.7012987012987013","0.8494623655913979","0.6097560975609756","0.32761904761904764","0.7727272727272727","0.4117647058823529","","3.380901043603833e-8","1074790400","-0.026440223678946495","-0.0019077803008258345","-0.020207490772008896","0.012509673833847046"
"eval_4096_d1d2[2700]->512x2->32->32","0.8386314655172413","0.012291914114030078","2700","","finished","-","","","2024-08-16T22:53:08.000Z","1620","t7p4kliv","","4096","","","16","","","d1d2","","512","","32","","32","","0.0015","1073741824","eval","","","","","","","","","","","","","","","","","","","32","1024","","cs-master-thesis","","0.5522388059701493","0.7389380530973452","","","0.7777777777777778","0.6303030303030303","","0.4457831325301205","","0.8105263157894737","0.6702127659574468","0.46511627906976744","0.5973451327433629","0.4460227272727273","0.6470588235294118","0.7476190476190476","","0.631578947368421","","0.7058823529411765","0.5811475409836065","0.8271604938271605","0.47468354430379744","0.8011695906432749","0.7722772277227723","","0.6818181818181818","0.9010989010989012","0.6111111111111112","0.4470588235294118","0.6453089244851259","0.6981132075471698","0.696078431372549","","","","","","","0.7099236641221374","","0.8023952095808383","0.36585365853658536","0.6742081447963801","0.5966850828729282","0.625","0.7941176470588235","0.6829268292682927","0.2549019607843137","0.926605504587156","0.9596774193548387","0.868421052631579","0.8694158075601375","0.7658227848101266","0.6304347826086957","","0.5296167247386759","0.2798165137614679","0.2430939226519337","0.1153846153846154","","","","0.4961832061068702","0.48659003831417624","0.8082191780821918","0.7142857142857143","","0.7012987012987013","0.8387096774193549","0.6463414634146342","0.32761904761904764","0.8181818181818182","0.3058823529411765","","2.366630730522683e-8","1074790400","-0.014515218324959278","-0.008429305627942085","-0.022340036928653717","-0.032100118696689606"
"eval_4096_vd1+hd2[2880]->2048x2->32->32","0.8384967672413793","0.012235217924171591","2880","","running","-","","","2024-08-17T16:20:34.000Z","2022","t7p4kliv","","4096","","","16","","","vd1+hd2","","2048","","32","","32","","0.0015","1073741824","eval","","","","","","","","","","","","","","","","","","","32","1024","","cs-master-thesis","","0.5970149253731343","0.7323008849557522","","","0.6666666666666666","0.6303030303030303","","0.5301204819277109","","0.8","0.6914893617021277","0.46511627906976744","0.6232616940581542","0.4602272727272727","0.6666666666666666","0.7428571428571429","","0.631578947368421","","0.6941176470588235","0.5991803278688524","0.8395061728395061","0.5063291139240507","0.783625730994152","0.801980198019802","","0.6931818181818182","0.8571428571428571","0.6507936507936508","0.5764705882352941","0.6418764302059496","0.7012578616352201","0.7058823529411765","","","","","","","0.7175572519083969","","0.8263473053892215","0.39634146341463417","0.6425339366515838","0.6243093922651933","0.6041666666666666","0.7941176470588235","0.6829268292682927","0.28627450980392155","0.9220183486238532","0.9233870967741936","0.8848684210526315","0.8797250859106529","0.8006329113924051","0.6956521739130435","","0.5261324041811847","0.3073394495412844","0.2541436464088398","0.10989010989010987","","","","0.4885496183206106","0.5134099616858238","0.8356164383561644","0.7472527472527473","","0.7792207792207793","0.8602150537634409","0.6951219512195121","0.34095238095238095","0.8181818181818182","0.35294117647058826","","0.00017647349999999994","536870912","-0.03819500654935837","-0.0008504715515300632","-0.008577167987823486","0.00889262929558754"
"eval_4096_vd1+hd2[2880]->512x2->32->32","0.837823275862069","0.012871869937953306","2880","","finished","-","","","2024-08-17T15:10:10.000Z","1742","t7p4kliv","","4096","","","16","","","vd1+hd2","","512","","32","","32","","0.0015","1073741824","eval","","","","","","","","","","","","","","","","","","","32","1024","","cs-master-thesis","","0.5850746268656717","0.7300884955752213","","","0.6666666666666666","0.6424242424242425","","0.5060240963855421","","0.8105263157894737","0.6382978723404256","0.46511627906976744","0.6074589127686473","0.4545454545454546","0.6601307189542484","0.7285714285714285","","0.5789473684210527","","0.7764705882352941","0.5942622950819673","0.8024691358024691","0.4683544303797468","0.7807017543859649","0.8118811881188119","","0.7045454545454546","0.8571428571428571","0.626984126984127","0.4941176470588235","0.6395881006864989","0.6918238993710691","0.7156862745098039","","","","","","","0.6988973706530959","","0.8143712574850299","0.3902439024390244","0.6244343891402715","0.6187845303867403","0.5625","0.7941176470588235","0.6585365853658537","0.30980392156862746","0.9357798165137616","0.9516129032258064","0.8881578947368421","0.8487972508591065","0.7689873417721519","0.6521739130434783","","0.5331010452961672","0.3119266055045872","0.1878453038674033","0.1153846153846154","","","","0.5038167938931297","0.49808429118773945","0.8107876712328768","0.7582417582417582","","0.7142857142857143","0.8817204301075269","0.6463414634146342","0.34285714285714286","0.7727272727272727","0.4","","2.366630730522683e-8","1074790400","-0.034756146371364594","-0.0050113326869904995","-0.021161798387765884","0.05121120810508728"
"eval_4096_hd1+vd2[2880]->256x2->32->32","0.833917025862069","0.01422027814987814","2880","","finished","-","","","2024-08-17T12:05:38.000Z","1424","t7p4kliv","","4096","","","16","","","hd1+vd2","","256","","32","","32","","0.0015","1073741824","eval","","","","","","","","","","","","","","","","","","","32","1024","","cs-master-thesis","","0.5761194029850746","0.7289823008849557","","","0.7111111111111111","0.6545454545454545","","0.40963855421686746","","0.8","0.7021276595744681","0.4883720930232558","0.5948166877370418","0.4488636363636363","0.6470588235294118","0.7714285714285715","","0.6052631578947368","","0.7411764705882353","0.5877049180327869","0.8271604938271605","0.5126582278481012","0.7923976608187134","0.7821782178217822","","0.7272727272727273","0.8131868131868132","0.6349206349206349","0.4705882352941176","0.6327231121281465","0.6698113207547169","0.6764705882352942","","","","","","","0.6921119592875318","","0.8023952095808383","0.3902439024390244","0.665158371040724","0.5966850828729282","0.625","0.7941176470588235","0.5609756097560976","0.3058823529411765","0.9220183486238532","0.939516129032258","0.875","0.8384879725085911","0.7721518987341772","0.6366459627329193","","0.5261324041811847","0.3119266055045872","0.20994475138121543","0.0934065934065934","","","","0.4885496183206106","0.5019157088122606","0.797945205479452","0.7142857142857143","","0.6883116883116883","0.8279569892473119","0.6341463414634146","0.3466666666666667","0.7272727272727273","0.3176470588235294","","2.366630730522683e-8","1074790400","-0.022887805476784703","-0.0086398059502244","0.0002524629235267639","-0.030200272798538208"
"eval_4096_d1d2[2700]->256x2->32->32","0.8335129310344828","0.014206188217940507","2700","","finished","-","","","2024-08-16T22:29:28.000Z","1413","t7p4kliv","","4096","","","16","","","d1d2","","256","","32","","32","","0.0015","1073741824","eval","","","","","","","","","","","","","","","","","","","32","1024","","cs-master-thesis","","0.5462686567164179","0.7201327433628318","","","0.6888888888888889","0.6363636363636364","","0.43373493975903615","","0.7789473684210526","0.648936170212766","0.4418604651162791","0.5979772439949431","0.4261363636363637","0.6535947712418301","0.7476190476190476","","0.6578947368421053","","0.6823529411764706","0.5745901639344262","0.8395061728395061","0.5","0.7953216374269005","0.7722772277227723","","0.6931818181818182","0.8571428571428571","0.5952380952380952","0.4470588235294118","0.6189931350114416","0.660377358490566","0.6666666666666666","","","","","","","0.7031382527565734","","0.8083832335329342","0.3902439024390244","0.6199095022624435","0.580110497237569","0.5625","0.8235294117647058","0.6585365853658537","0.2823529411764706","0.9311926605504588","0.939516129032258","0.8782894736842105","0.8625429553264605","0.7468354430379747","0.6335403726708074","","0.554006968641115","0.27522935779816515","0.19889502762430936","0.08791208791208792","","","","0.4885496183206106","0.4674329501915709","0.8107876712328768","0.7472527472527473","","0.6753246753246753","0.8709677419354839","0.5975609756097561","0.33714285714285713","0.8181818181818182","0.3647058823529411","","2.366630730522683e-8","1074790400","-0.01144351065158844","-0.008143208920955658","0.003866568673402071","-0.018547413870692253"
"eval_4096_hv+h+v[960]->1024x2->32->32","0.8327047413793104","0.011919715478143187","960","","finished","-","","","2024-08-16T20:56:21.000Z","2368","t7p4kliv","","4096","","","16","","","hv+h+v","","1024","","32","","32","","0.0015","1073741824","eval","","","","","","","","","","","","","","","","","","","32","1024","","cs-master-thesis","","0.6119402985074627","0.702433628318584","","","0.6444444444444445","0.6","","0.4698795180722892","","0.7473684210526316","0.6595744680851063","0.43023255813953487","0.5979772439949431","0.4431818181818182","0.6535947712418301","0.7428571428571429","","0.7368421052631579","","0.611764705882353","0.5926229508196721","0.7777777777777778","0.4873417721518987","0.7894736842105263","0.7227722772277227","","0.6931818181818182","0.8461538461538461","0.5873015873015873","0.5058823529411764","0.6075514874141876","0.6792452830188679","0.7254901960784313","","","","","","","0.6776929601357082","","0.7245508982035929","0.4207317073170731","0.6289592760180995","0.6464088397790055","0.6041666666666666","0.7058823529411765","0.5609756097560976","0.28627450980392155","0.8944954128440367","0.9274193548387096","0.8947368421052632","0.8384879725085911","0.7468354430379747","0.6055900621118012","","0.4878048780487805","0.3348623853211009","0.20441988950276244","0.12087912087912088","","","","0.549618320610687","0.4942528735632184","0.7988013698630136","0.7472527472527473","","0.7662337662337663","0.7634408602150538","0.6585365853658537","0.34285714285714286","0.7045454545454546","0.4235294117647059","","2.0116029294959449e-7","1074790400","-0.049268268048763275","-0.005056982859969139","-0.022385254502296448","0.2026505023241043"
"eval_4096_hv[768]->256x2->32->32","0.8323006465517241","0.014159554259094875","768","","finished","-","","","2024-08-16T15:46:30.000Z","1275","t7p4kliv","","4096","","","16","","","hv","","256","","32","","32","","0.0015","1073741824","eval","","","","","","","","","","","","","","","","","","","32","1024","","cs-master-thesis","","0.5791044776119403","0.7345132743362832","","","0.7333333333333333","0.6","","0.42168674698795183","","0.7894736842105263","0.648936170212766","0.4418604651162791","0.5960809102402023","0.4346590909090909","0.6339869281045751","0.7666666666666667","","0.6842105263157895","","0.7176470588235294","0.5754098360655737","0.8024691358024691","0.4683544303797468","0.8070175438596491","0.7722772277227723","","0.6931818181818182","0.8571428571428571","0.6190476190476191","0.5058823529411764","0.6189931350114416","0.6477987421383647","0.6470588235294118","","","","","","","0.7090754877014419","","0.8023952095808383","0.32926829268292684","0.6832579185520362","0.6243093922651933","0.5416666666666666","0.7941176470588235","0.5853658536585366","0.28627450980392155","0.9311926605504588","0.9274193548387096","0.868421052631579","0.8591065292096219","0.7689873417721519","0.639751552795031","","0.5435540069686411","0.2706422018348624","0.2265193370165746","0.10989010989010987","","","","0.4809160305343512","0.49808429118773945","0.8073630136986302","0.7252747252747253","","0.6883116883116883","0.8494623655913979","0.6951219512195121","0.3580952380952381","0.7272727272727273","0.4","","2.366630730522683e-8","1074790400","-0.03588991239666939","-0.0042814211919903755","-0.01359878107905388","-0.07228165119886398"
"eval_4096_vd1+hd2[2880]->256x2->32->32","0.8317618534482759","0.014194343460985692","2880","","finished","-","","","2024-08-17T14:45:48.000Z","1454","t7p4kliv","","4096","","","16","","","vd1+hd2","","256","","32","","32","","0.0015","1073741824","eval","","","","","","","","","","","","","","","","","","","32","1024","","cs-master-thesis","","0.5701492537313433","0.7112831858407079","","","0.6888888888888889","0.5878787878787879","","0.4939759036144578","","0.8105263157894737","0.7127659574468085","0.4534883720930232","0.5948166877370418","0.4460227272727273","0.5882352941176471","0.7619047619047619","","0.631578947368421","","0.6705882352941176","0.5811475409836065","0.8395061728395061","0.5","0.783625730994152","0.7623762376237624","","0.7386363636363636","0.8351648351648352","0.6428571428571429","0.4588235294117647","0.61441647597254","0.6635220125786163","0.6764705882352942","","","","","","","0.6870229007633588","","0.7904191616766467","0.35365853658536583","0.6561085972850679","0.5911602209944752","0.6458333333333334","0.7352941176470589","0.5853658536585366","0.26666666666666666","0.9311926605504588","0.9516129032258064","0.8651315789473685","0.8625429553264605","0.75","0.6304347826086957","","0.4982578397212544","0.30275229357798167","0.19337016574585636","0.08241758241758242","","","","0.4885496183206106","0.46360153256704983","0.8022260273972602","0.7912087912087912","","0.7402597402597403","0.7849462365591398","0.6463414634146342","0.33904761904761904","0.8181818181818182","0.3411764705882353","","2.366630730522683e-8","1074790400","-0.02350085973739624","-0.005488877184689045","0.003361965529620647","0.017518043518066406"
"eval_4096_hv+h+v[960]->2048x2->32->32","0.8302801724137931","0.0119148495105037","960","","finished","-","","","2024-08-16T21:35:56.000Z","3206","t7p4kliv","","4096","","","16","","","hv+h+v","","2048","","32","","32","","0.0015","1073741824","eval","","","","","","","","","","","","","","","","","","","32","1024","","cs-master-thesis","","0.591044776119403","0.6913716814159292","","","0.7111111111111111","0.593939393939394","","0.5301204819277109","","0.7894736842105263","0.5425531914893617","0.4418604651162791","0.599873577749684","0.4545454545454546","0.6405228758169934","0.7380952380952381","","0.6578947368421053","","0.6588235294117647","0.6","0.8518518518518519","0.47468354430379744","0.7894736842105263","0.7920792079207921","","0.6590909090909091","0.7802197802197802","0.5634920634920635","0.5058823529411764","0.6167048054919908","0.6729559748427673","0.7058823529411765","","","","","","","0.6666666666666666","","0.7425149700598802","0.3902439024390244","0.6244343891402715","0.6132596685082873","0.6666666666666666","0.7352941176470589","0.5121951219512195","0.2823529411764706","0.926605504587156","0.939516129032258","0.8651315789473685","0.8487972508591065","0.75","0.6242236024844721","","0.5017421602787456","0.29357798165137616","0.19337016574585636","0.0934065934065934","","","","0.5343511450381679","0.4789272030651341","0.797945205479452","0.7362637362637363","","0.7402597402597403","0.7741935483870968","0.6585365853658537","0.32761904761904764","0.75","0.4117647058823529","","2.366630730522683e-8","1074790400","-0.053873129189014435","-0.002408201340585947","0.0008604316972196102","-0.050038162618875504"
"eval_4096_hv+h+v[960]->512x2->32->32","0.8263739224137931","0.012878564491984434","960","","finished","-","","","2024-08-16T20:30:15.000Z","1559","t7p4kliv","","4096","","","16","","","hv+h+v","","512","","32","","32","","0.0015","1073741824","eval","","","","","","","","","","","","","","","","","","","32","1024","","cs-master-thesis","","0.5552238805970149","0.6924778761061947","","","0.6666666666666666","0.6060606060606061","","0.43373493975903615","","0.8210526315789474","0.7127659574468085","0.4069767441860465","0.5967130214917825","0.46875","0.6470588235294118","0.6952380952380952","","0.5789473684210527","","0.6470588235294118","0.5901639344262295","0.7777777777777778","0.4556962025316456","0.7631578947368421","0.7920792079207921","","0.6931818181818182","0.8021978021978022","0.5634920634920635","0.4705882352941176","0.6109839816933639","0.6477987421383647","0.7058823529411765","","","","","","","0.6726039016115352","","0.7125748502994012","0.4146341463414634","0.6018099547511312","0.6077348066298343","0.5833333333333334","0.7352941176470589","0.6097560975609756","0.28627450980392155","0.9128440366972476","0.9153225806451613","0.8618421052631579","0.8178694158075601","0.7215189873417721","0.6335403726708074","","0.5087108013937283","0.3348623853211009","0.20441988950276244","0.1043956043956044","","","","0.5114503816793893","0.4827586206896552","0.7919520547945206","0.7252747252747253","","0.7272727272727273","0.7956989247311828","0.6585365853658537","0.3314285714285714","0.7045454545454546","0.35294117647058826","","2.366630730522683e-8","1074790400","-0.04258265718817711","-0.0074971397407352924","-0.006757073104381561","-0.043486740440130234"
"eval_4096_hv+h+v[960]->256x2->32->32","0.826104525862069","0.014303754214779474","960","","finished","-","","","2024-08-16T20:05:25.000Z","1486","t7p4kliv","","4096","","","16","","","hv+h+v","","256","","32","","32","","0.0015","1073741824","eval","","","","","","","","","","","","","","","","","","","32","1024","","cs-master-thesis","","0.5552238805970149","0.6858407079646017","","","0.6444444444444445","0.6","","0.43373493975903615","","0.7578947368421053","0.7021276595744681","0.36046511627906974","0.5783817951959545","0.4204545454545454","0.6405228758169934","0.7142857142857143","","0.6052631578947368","","0.6352941176470588","0.5721311475409836","0.7530864197530864","0.4683544303797468","0.7719298245614035","0.7821782178217822","","0.6931818181818182","0.8241758241758241","0.5555555555555556","0.4352941176470588","0.6018306636155606","0.6446540880503144","0.6470588235294118","","","","","","","0.6590330788804071","","0.7245508982035929","0.4329268292682927","0.583710407239819","0.580110497237569","0.5208333333333334","0.7647058823529411","0.6097560975609756","0.26666666666666666","0.9128440366972476","0.9193548387096774","0.8552631578947368","0.7903780068728522","0.7120253164556962","0.577639751552795","","0.5156794425087108","0.27522935779816515","0.2430939226519337","0.08791208791208792","","","","0.4885496183206106","0.4367816091954023","0.7705479452054794","0.7582417582417582","","0.7012987012987013","0.7741935483870968","0.6341463414634146","0.3238095238095238","0.75","0.4235294117647059","","2.366630730522683e-8","1074790400","-0.027418646961450577","-0.002323371823877096","-0.0032331154216080904","-0.040230173617601395"
"eval_4096_hv+h+v+d1+d2[1320]->2048x2->32->32","0.8259698275862069","0.01252481534902472","1320","","finished","-","","","2024-08-17T10:54:54.000Z","4237","t7p4kliv","","4096","","","16","","","hv+h+v+d1+d2","","2048","","32","","32","","0.0015","1073741824","eval","","","","","","","","","","","","","","","","","","","32","1024","","cs-master-thesis","","0.5940298507462687","0.706858407079646","","","0.5777777777777777","0.5818181818181818","","0.4819277108433735","","0.7684210526315789","0.5957446808510638","0.4186046511627907","0.5865992414664981","0.4289772727272727","0.5816993464052288","0.7238095238095238","","0.6052631578947368","","0.7176470588235294","0.5770491803278689","0.8024691358024691","0.5189873417721519","0.783625730994152","0.7920792079207921","","0.6590909090909091","0.8241758241758241","0.5555555555555556","0.5176470588235295","0.602974828375286","0.6761006289308176","0.6862745098039216","","","","","","","0.6827820186598813","","0.7305389221556886","0.3780487804878049","0.6515837104072398","0.6243093922651933","0.5625","0.7647058823529411","0.5853658536585366","0.2901960784313726","0.9220183486238532","0.9314516129032258","0.875","0.8213058419243986","0.7310126582278481","0.6211180124223602","","0.4808362369337979","0.2981651376146789","0.2265193370165746","0.10989010989010987","","","","0.5114503816793893","0.4674329501915709","0.7953767123287672","0.7582417582417582","","0.7532467532467533","0.8172043010752689","0.6341463414634146","0.3352380952380952","0.7272727272727273","0.32941176470588235","","3.380901043603833e-8","1074790400","-0.045392006635665894","-0.001694521983154118","-0.007932629436254501","0.27830779552459717"
"eval_4096_hv+d1d2[3468]->256x2->32->32","0.8246228448275862","0.014058926768484524","3468","","finished","-","","","2024-08-17T03:04:38.000Z","1511","t7p4kliv","","4096","","","16","","","hv+d1d2","","256","","32","","32","","0.0015","1073741824","eval","","","","","","","","","","","","","","","","","","","32","1024","","cs-master-thesis","","0.5522388059701493","0.7157079646017699","","","0.7333333333333333","0.6242424242424243","","0.5301204819277109","","0.8315789473684211","0.6276595744680851","0.4186046511627907","0.5847029077117573","0.4403409090909091","0.6078431372549019","0.7761904761904762","","0.6052631578947368","","0.6588235294117647","0.5598360655737705","0.7901234567901234","0.5126582278481012","0.7602339181286549","0.7326732673267327","","0.6931818181818182","0.8461538461538461","0.6190476190476191","0.38823529411764707","0.6006864988558352","0.6477987421383647","0.6568627450980392","","","","","","","0.6955046649703138","","0.7964071856287425","0.3231707317073171","0.6334841628959276","0.574585635359116","0.5416666666666666","0.7647058823529411","0.6585365853658537","0.25882352941176473","0.9220183486238532","0.9153225806451613","0.8618421052631579","0.8350515463917526","0.7721518987341772","0.6366459627329193","","0.5261324041811847","0.26146788990825687","0.19337016574585636","0.06043956043956044","","","","0.4732824427480916","0.4904214559386973","0.8082191780821918","0.7032967032967034","","0.6623376623376623","0.8279569892473119","0.6463414634146342","0.3180952380952381","0.7272727272727273","0.35294117647058826","","2.366630730522683e-8","1074790400","-0.016773154959082603","-0.00522291287779808","-0.004730037413537502","-0.04179589822888374"
"eval_4096_hv+h+v+d1+d2[1320]->1024x2->32->32","0.8216594827586207","0.012425069027813151","1320","","finished","-","","","2024-08-17T10:10:24.000Z","2665","t7p4kliv","","4096","","","16","","","hv+h+v+d1+d2","","1024","","32","","32","","0.0015","1073741824","eval","","","","","","","","","","","","","","","","","","","32","1024","","cs-master-thesis","","0.5402985074626866","0.665929203539823","","","0.6","0.5696969696969697","","0.4578313253012048","","0.7368421052631579","0.5957446808510638","0.43023255813953487","0.5783817951959545","0.4147727272727273","0.6078431372549019","0.7047619047619048","","0.6842105263157895","","0.6352941176470588","0.5770491803278689","0.8271604938271605","0.5379746835443038","0.7660818713450293","0.801980198019802","","0.6818181818181818","0.8351648351648352","0.5079365079365079","0.4941176470588235","0.585812356979405","0.6572327044025157","0.696078431372549","","","","","","","0.6429177268871925","","0.7305389221556886","0.39634146341463417","0.583710407239819","0.580110497237569","0.5416666666666666","0.7352941176470589","0.5365853658536586","0.3058823529411765","0.8990825688073395","0.9153225806451613","0.8355263157894737","0.8213058419243986","0.7025316455696202","0.5869565217391305","","0.4738675958188153","0.3486238532110092","0.18232044198895028","0.06593406593406594","","","","0.5267175572519084","0.4559386973180077","0.7791095890410958","0.6813186813186813","","0.7012987012987013","0.7419354838709677","0.5853658536585366","0.30857142857142855","0.6818181818181818","0.3647058823529411","","2.366630730522683e-8","1074790400","-0.05243292078375816","-0.006114058196544647","-0.014685126952826977","0.049591515213251114"
"eval_4096_hv+h+v+d1+d2[1320]->256x2->32->32","0.8158674568965517","0.014701377833262086","1320","","finished","-","","","2024-08-17T09:07:20.000Z","1744","t7p4kliv","","4096","","","16","","","hv+h+v+d1+d2","","256","","32","","32","","0.0015","1073741824","eval","","","","","","","","","","","","","","","","","","","32","1024","","cs-master-thesis","","0.5582089552238806","0.6758849557522124","","","0.6666666666666666","0.593939393939394","","0.4939759036144578","","0.7789473684210526","0.6914893617021277","0.4418604651162791","0.5796460176991151","0.4346590909090909","0.6078431372549019","0.7333333333333333","","0.6842105263157895","","0.6470588235294118","0.5704918032786885","0.8024691358024691","0.4936708860759494","0.7807017543859649","0.7821782178217822","","0.6704545454545454","0.8241758241758241","0.5317460317460317","0.4470588235294118","0.5995423340961098","0.6226415094339622","0.6568627450980392","","","","","","","0.6556403731976251","","0.7365269461077845","0.3353658536585366","0.583710407239819","0.585635359116022","0.5833333333333334","0.7647058823529411","0.5609756097560976","0.2823529411764706","0.926605504587156","0.9435483870967742","0.8519736842105263","0.8006872852233677","0.7341772151898734","0.577639751552795","","0.4425087108013937","0.3119266055045872","0.19889502762430936","0.08791208791208792","","","","0.4809160305343512","0.4521072796934866","0.776541095890411","0.7142857142857143","","0.6623376623376623","0.7634408602150538","0.6219512195121951","0.30857142857142855","0.75","0.4","","2.366630730522683e-8","1074790400","-0.029842987656593323","0.004234082996845245","-0.011605425737798214","0.041478198021650314"
"eval_4096_hv+h+v+d1+d2[1320]->512x2->32->32","0.8139816810344828","0.01383133773560985","1320","","finished","-","","","2024-08-17T09:36:29.000Z","2029","t7p4kliv","","4096","","","16","","","hv+h+v+d1+d2","","512","","32","","32","","0.0015","1073741824","eval","","","","","","","","","","","","","","","","","","","32","1024","","cs-master-thesis","","0.5462686567164179","0.6592920353982301","","","0.6","0.6060606060606061","","0.5180722891566265","","0.7052631578947368","0.574468085106383","0.3720930232558139","0.5733249051833123","0.4147727272727273","0.5947712418300654","0.7","","0.5789473684210527","","0.611764705882353","0.5778688524590164","0.7530864197530864","0.4683544303797468","0.7339181286549707","0.7227722772277227","","0.6931818181818182","0.8351648351648352","0.6190476190476191","0.4823529411764706","0.5503432494279176","0.6572327044025157","0.6666666666666666","","","","","","","0.6251060220525869","","0.7245508982035929","0.38414634146341464","0.5610859728506787","0.56353591160221","0.6041666666666666","0.7647058823529411","0.5365853658536586","0.27450980392156865","0.908256880733945","0.9233870967741936","0.8453947368421053","0.7835051546391752","0.7025316455696202","0.5559006211180124","","0.47038327526132406","0.2889908256880734","0.20441988950276244","0.08791208791208792","","","","0.5114503816793893","0.4559386973180077","0.7782534246575342","0.6703296703296703","","0.6883116883116883","0.7419354838709677","0.5487804878048781","0.3314285714285714","0.7727272727272727","0.35294117647058826","","6.899798048171089e-8","1074790400","-0.048979416489601135","-0.002271992154419422","0.0050919982604682446","-0.021275535225868225"
"eval_4096_h+v+d1+d2[552]->2048x2->32->32","0.8049568965517241","0.015496307802095544","552","","finished","-","","","2024-08-17T08:10:01.000Z","3433","t7p4kliv","","4096","","","16","","","h+v+d1+d2","","2048","","32","","32","","0.0015","1073741824","eval","","","","","","","","","","","","","","","","","","","32","1024","","cs-master-thesis","","0.5313432835820896","0.6559734513274337","","","0.6222222222222222","0.5757575757575758","","0.4457831325301205","","0.7157894736842105","0.5425531914893617","0.4186046511627907","0.561314791403287","0.3806818181818182","0.6209150326797386","0.7047619047619048","","0.631578947368421","","0.6470588235294118","0.5434426229508197","0.7901234567901234","0.5126582278481012","0.7397660818713451","0.7722772277227723","","0.6818181818181818","0.8021978021978022","0.4841269841269842","0.4117647058823529","0.5697940503432495","0.6540880503144654","0.6862745098039216","","","","","","","0.64715860899067","","0.7125748502994012","0.3475609756097561","0.5972850678733032","0.580110497237569","0.5833333333333334","0.6470588235294118","0.6341463414634146","0.2235294117647059","0.8944954128440367","0.9032258064516128","0.8421052631578947","0.8178694158075601","0.6930379746835443","0.593167701863354","","0.42857142857142855","0.28440366972477066","0.1160220994475138","0.08791208791208792","","","","0.4580152671755725","0.44061302681992337","0.773972602739726","0.7252747252747253","","0.6883116883116883","0.7526881720430108","0.573170731707317","0.2723809523809524","0.75","0.2823529411764706","","2.366630730522683e-8","1074790400","-0.06809055805206299","-0.004962700419127941","-0.0017548496834933758","0.1329510360956192"
"eval_4096_h+v+d1+d2[552]->1024x2->32->32","0.7999730603448276","0.01576963883417193","552","","finished","-","","","2024-08-17T07:20:32.000Z","2963","t7p4kliv","","4096","","","16","","","h+v+d1+d2","","1024","","32","","32","","0.0015","1073741824","eval","","","","","","","","","","","","","","","","","","","32","1024","","cs-master-thesis","","0.4985074626865671","0.629424778761062","","","0.6666666666666666","0.5696969696969697","","0.3855421686746988","","0.6842105263157895","0.5531914893617021","0.27906976744186046","0.5202275600505689","0.3835227272727273","0.5424836601307189","0.6571428571428571","","0.5789473684210527","","0.6588235294117647","0.5155737704918033","0.8271604938271605","0.44936708860759494","0.7192982456140351","0.7326732673267327","","0.6363636363636364","0.7912087912087912","0.4603174603174603","0.4352941176470588","0.5263157894736842","0.5786163522012578","0.5588235294117647","","","","","","","0.6072943172179813","","0.6826347305389222","0.3231707317073171","0.5701357466063348","0.56353591160221","0.6041666666666666","0.6176470588235294","0.5121951219512195","0.2196078431372549","0.8623853211009175","0.842741935483871","0.819078947368421","0.7422680412371134","0.6835443037974683","0.531055900621118","","0.4250871080139373","0.21100917431192664","0.1712707182320442","0.06043956043956044","","","","0.42748091603053434","0.421455938697318","0.7345890410958904","0.6153846153846154","","0.5714285714285714","0.6451612903225806","0.6219512195121951","0.26857142857142857","0.6363636363636364","0.3176470588235294","","2.366630730522683e-8","1074790400","-0.0665392130613327","-0.0069700004532933235","-0.011567113921046255","0.003379683941602707"
"eval_4096_h+v+d1+d2[552]->512x2->32->32","0.7976831896551724","0.01649106892728014","552","","finished","-","","","2024-08-17T06:40:50.000Z","2376","t7p4kliv","","4096","","","16","","","h+v+d1+d2","","512","","32","","32","","0.0015","1073741824","eval","","","","","","","","","","","","","","","","","","","32","1024","","cs-master-thesis","","0.5134328358208955","0.6172566371681416","","","0.6","0.5636363636363636","","0.4578313253012048","","0.7157894736842105","0.5638297872340425","0.3488372093023256","0.5353982300884956","0.3778409090909091","0.5490196078431373","0.6857142857142857","","0.5263157894736842","","0.6235294117647059","0.5393442622950819","0.7901234567901234","0.4936708860759494","0.7222222222222222","0.7524752475247525","","0.625","0.7802197802197802","0.4126984126984127","0.4","0.5308924485125858","0.6069182389937107","0.6568627450980392","","","","","","","0.5894826123833757","","0.688622754491018","0.3353658536585366","0.5610859728506787","0.5414364640883977","0.5416666666666666","0.7647058823529411","0.5365853658536586","0.2431372549019608","0.8669724770642202","0.8911290322580645","0.8355263157894737","0.7457044673539519","0.6487341772151899","0.5279503105590062","","0.39372822299651566","0.21559633027522937","0.19337016574585636","0.0989010989010989","","","","0.4732824427480916","0.40229885057471265","0.7422945205479452","0.5934065934065934","","0.6233766233766234","0.6451612903225806","0.5609756097560976","0.26285714285714284","0.6363636363636364","0.3058823529411765","","2.366630730522683e-8","1074790400","-0.05715686082839966","-0.00006531889084726572","-0.008084355853497982","0.05158602446317673"
"eval_4096_h+v+d1+d2[552]->256x2->32->32","0.794854525862069","0.01834356738254428","552","","finished","-","","","2024-08-17T06:03:26.000Z","2237","t7p4kliv","","4096","","","16","","","h+v+d1+d2","","256","","32","","32","","0.0015","1073741824","eval","","","","","","","","","","","","","","","","","","","32","1024","","cs-master-thesis","","0.4955223880597015","0.6360619469026548","","","0.5777777777777777","0.5515151515151515","","0.43373493975903615","","0.6842105263157895","0.5425531914893617","0.313953488372093","0.5265486725663717","0.3636363636363637","0.5490196078431373","0.7","","0.6052631578947368","","0.611764705882353","0.5188524590163934","0.7283950617283951","0.47468354430379744","0.7251461988304093","0.7524752475247525","","0.6363636363636364","0.7582417582417582","0.5","0.4235294117647059","0.5411899313501144","0.5817610062893082","0.6176470588235294","","","","","","","0.6072943172179813","","0.7065868263473054","0.29878048780487804","0.5384615384615384","0.5193370165745856","0.5416666666666666","0.6764705882352942","0.6097560975609756","0.2784313725490196","0.8853211009174312","0.875","0.8322368421052632","0.7353951890034365","0.6740506329113924","0.5186335403726708","","0.4250871080139373","0.25229357798165136","0.13812154696132595","0.04395604395604396","","","","0.44274809160305345","0.37547892720306514","0.7397260273972602","0.6813186813186813","","0.5974025974025974","0.6881720430107527","0.5121951219512195","0.24761904761904763","0.6363636363636364","0.3058823529411765","","2.366630730522683e-8","1074790400","-0.03260970488190651","-0.009864618070423605","-0.0012700388906523583","0.005125407129526138"
"eval_4096_d1+d2[360]->2048x2->32->32","0.7823275862068966","0.02194759109261213","360","","finished","-","","","2024-08-17T02:16:23.000Z","2886","t7p4kliv","","4096","","","16","","","d1+d2","","2048","","32","","32","","0.0015","1073741824","eval","","","","","","","","","","","","","","","","","","","32","1024","","cs-master-thesis","","0.4805970149253731","0.6194690265486725","","","0.6444444444444445","0.5515151515151515","","0.4578313253012048","","0.6526315789473685","0.4787234042553192","0.2558139534883721","0.5151706700379267","0.3494318181818182","0.5424836601307189","0.7","","0.5526315789473685","","0.5058823529411764","0.4934426229508197","0.7160493827160493","0.4430379746835443","0.6842105263157895","0.7029702970297029","","0.625","0.7912087912087912","0.5634920634920635","0.4","0.5022883295194508","0.5943396226415094","0.5980392156862745","","","","","","","0.5996607294317218","","0.7425149700598802","0.25","0.5429864253393665","0.5303867403314917","0.5416666666666666","0.6470588235294118","0.6097560975609756","0.21176470588235297","0.8761467889908257","0.8790322580645161","0.7960526315789473","0.7216494845360825","0.6708860759493671","0.5372670807453416","","0.3832752613240418","0.2018348623853211","0.13812154696132595","0.04395604395604396","","","","0.44274809160305345","0.3793103448275862","0.7422945205479452","0.6923076923076923","","0.6363636363636364","0.6881720430107527","0.573170731707317","0.2419047619047619","0.6818181818181818","0.2823529411764706","","2.366630730522683e-8","1074790400","-0.08034958690404892","-0.0012336068321019411","-0.017990943044424057","-0.05213271081447601"
"eval_4096_d1+d2[360]->1024x2->32->32","0.7805765086206896","0.022284083475824445","360","","finished","-","","","2024-08-17T01:45:23.000Z","1852","t7p4kliv","","4096","","","16","","","d1+d2","","1024","","32","","32","","0.0015","1073741824","eval","","","","","","","","","","","","","","","","","","","32","1024","","cs-master-thesis","","0.4955223880597015","0.6061946902654868","","","0.7111111111111111","0.5818181818181818","","0.3734939759036144","","0.631578947368421","0.5212765957446809","0.27906976744186046","0.5221238938053098","0.35511363636363635","0.5424836601307189","0.6904761904761905","","0.5263157894736842","","0.5647058823529412","0.4967213114754098","0.7654320987654321","0.4620253164556962","0.695906432748538","0.7425742574257426","","0.6136363636363636","0.7912087912087912","0.5396825396825397","0.38823529411764707","0.5183066361556065","0.5723270440251572","0.5882352941176471","","","","","","","0.5988125530110263","","0.7425149700598802","0.2926829268292683","0.5339366515837104","0.569060773480663","0.4166666666666667","0.6764705882352942","0.5853658536585366","0.2196078431372549","0.8669724770642202","0.8830645161290323","0.7993421052631579","0.7353951890034365","0.6867088607594937","0.5248447204968945","","0.39372822299651566","0.16972477064220184","0.13812154696132595","0.054945054945054944","","","","0.4351145038167939","0.4099616858237548","0.7294520547945206","0.6923076923076923","","0.5974025974025974","0.7204301075268817","0.6219512195121951","0.2495238095238095","0.7272727272727273","0.3411764705882353","","2.366630730522683e-8","1074790400","-0.07697214931249619","-0.010513056069612505","-0.008773989975452423","-0.01393984630703926"
"eval_4096_d1+d2[360]->512x2->32->32","0.775457974137931","0.02369868268579012","360","","finished","-","","","2024-08-17T01:22:11.000Z","1383","t7p4kliv","","4096","","","16","","","d1+d2","","512","","32","","32","","0.0015","1073741824","eval","","","","","","","","","","","","","","","","","","","32","1024","","cs-master-thesis","","0.48955223880597015","0.6117256637168141","","","0.7111111111111111","0.5515151515151515","","0.4457831325301205","","0.631578947368421","0.4148936170212766","0.32558139534883723","0.5145385587863464","0.3210227272727273","0.5620915032679739","0.680952380952381","","0.5789473684210527","","0.5529411764705883","0.4959016393442623","0.7283950617283951","0.4620253164556962","0.6783625730994152","0.6831683168316832","","0.5795454545454546","0.7802197802197802","0.5079365079365079","0.3411764705882353","0.517162471395881","0.5628930817610063","0.5980392156862745","","","","","","","0.5937234944868532","","0.7245508982035929","0.2682926829268293","0.5475113122171946","0.5359116022099447","0.4166666666666667","0.6470588235294118","0.6829268292682927","0.21176470588235297","0.9036697247706422","0.8467741935483871","0.8026315789473685","0.7250859106529209","0.6582278481012658","0.5062111801242236","","0.4181184668989547","0.19724770642201836","0.1270718232044199","0.038461538461538464","","","","0.42748091603053434","0.39846743295019155","0.7320205479452054","0.7252747252747253","","0.5584415584415584","0.6774193548387096","0.5609756097560976","0.22666666666666663","0.7045454545454546","0.3058823529411765","","2.366630730522683e-8","1074790400","-0.06377754360437393","-0.005805057007819414","-0.01113825850188732","-0.03127935156226158"
"eval_4096_d1+d2[360]->256x2->32->32","0.7716864224137931","0.025069505434657913","360","","finished","-","","","2024-08-17T01:00:02.000Z","1320","t7p4kliv","","4096","","","16","","","d1+d2","","256","","32","","32","","0.0015","1073741824","eval","","","","","","","","","","","","","","","","","","","32","1024","","cs-master-thesis","","0.4925373134328358","0.6061946902654868","","","0.6222222222222222","0.5575757575757576","","0.39759036144578314","","0.631578947368421","0.5106382978723404","0.26744186046511625","0.5082174462705437","0.3409090909090909","0.5555555555555556","0.6619047619047619","","0.7105263157894737","","0.5411764705882353","0.4836065573770491","0.691358024691358","0.4240506329113924","0.6900584795321637","0.7029702970297029","","0.625","0.8131868131868132","0.5238095238095238","0.4235294117647059","0.5194508009153318","0.559748427672956","0.6078431372549019","","","","","","","0.5945716709075488","","0.7005988023952096","0.25609756097560976","0.5475113122171946","0.5469613259668509","0.4166666666666667","0.7647058823529411","0.6097560975609756","0.17647058823529413","0.8899082568807339","0.875","0.7894736842105263","0.718213058419244","0.6392405063291139","0.4968944099378882","","0.36585365853658536","0.21559633027522937","0.13812154696132595","0.04945054945054945","","","","0.3740458015267176","0.4099616858237548","0.708904109589041","0.6923076923076923","","0.5974025974025974","0.7204301075268817","0.573170731707317","0.24","0.7727272727272727","0.24705882352941175","","2.366630730522683e-8","1074790400","-0.04907232150435448","0.0005996784311719239","-0.009974266402423382","0.004152041859924793"
"eval_4096_h+v[192]->512x2->32->32","0.7502693965517241","0.022362035655532964","192","","finished","-","","","2024-08-16T18:08:52.000Z","1416","t7p4kliv","","4096","","","16","","","h+v","","512","","32","","32","","0.0015","1073741824","eval","","","","","","","","","","","","","","","","","","","32","1024","","cs-master-thesis","","0.47761194029850745","0.4579646017699115","","","0.4666666666666667","0.503030303030303","","0.3493975903614458","","0.4842105263157895","0.3723404255319149","0.26744186046511625","0.4709228824273072","0.3181818181818182","0.5163398692810458","0.5095238095238095","","0.631578947368421","","0.4823529411764706","0.5","0.654320987654321","0.3924050632911392","0.5526315789473685","0.6138613861386139","","0.5340909090909091","0.6593406593406593","0.42063492063492064","0.4588235294117647","0.43935926773455375","0.5314465408805031","0.5490196078431373","","","","","","","0.46140797285835455","","0.3473053892215569","0.2865853658536585","0.4705882352941176","0.5414364640883977","0.4791666666666667","0.7058823529411765","0.5365853658536586","0.1568627450980392","0.7477064220183486","0.717741935483871","0.6842105263157895","0.6357388316151202","0.5569620253164557","0.4440993788819876","","0.30662020905923343","0.1834862385321101","0.13259668508287292","0.038461538461538464","","","","0.42748091603053434","0.3793103448275862","0.6164383561643836","0.6043956043956044","","0.5324675324675324","0.5483870967741935","0.5121951219512195","0.2057142857142857","0.6363636363636364","0.25882352941176473","","2.366630730522683e-8","1074790400","-0.060973696410655975","0.0004753911052830518","-0.0017816078616306186","0.0218525268137455"
"eval_4096_h+v[192]->1024x2->32->32","0.7446120689655172","0.0214702911907807","192","","finished","-","","","2024-08-16T18:32:34.000Z","1951","t7p4kliv","","4096","","","16","","","h+v","","1024","","32","","32","","0.0015","1073741824","eval","","","","","","","","","","","","","","","","","","","32","1024","","cs-master-thesis","","0.4597014925373134","0.47123893805309736","","","0.4666666666666667","0.503030303030303","","0.3253012048192771","","0.4842105263157895","0.32978723404255317","0.2441860465116279","0.4715549936788875","0.32670454545454547","0.5555555555555556","0.49523809523809526","","0.5","","0.4","0.5065573770491804","0.6049382716049383","0.3987341772151899","0.5847953216374269","0.6732673267326733","","0.5568181818181818","0.6593406593406593","0.4047619047619048","0.5294117647058824","0.4450800915331808","0.5408805031446541","0.5784313725490197","","","","","","","0.452078032230704","","0.4131736526946107","0.3231707317073171","0.4479638009049774","0.4972375690607735","0.5416666666666666","0.6764705882352942","0.4878048780487805","0.19607843137254904","0.7981651376146789","0.7620967741935484","0.6743421052631579","0.6116838487972509","0.5316455696202531","0.40372670807453415","","0.3310104529616725","0.22477064220183487","0.14917127071823205","0.03296703296703297","","","","0.4198473282442748","0.32567049808429116","0.6138698630136986","0.6263736263736264","","0.5844155844155844","0.5483870967741935","0.47560975609756095","0.21904761904761905","0.5681818181818182","0.3058823529411765","","2.366630730522683e-8","1074790400","-0.06495245546102524","0.0016623291885480285","-0.01358596794307232","-0.03752194717526436"
"eval_4096_h+v[192]->2048x2->32->32","0.7394935344827587","0.021096842261613347","192","","finished","-","","","2024-08-16T19:05:12.000Z","3608","t7p4kliv","","4096","","","16","","","h+v","","2048","","32","","32","","0.0015","1073741824","eval","","","","","","","","","","","","","","","","","","","32","1024","","cs-master-thesis","","0.4955223880597015","0.4944690265486726","","","0.4444444444444444","0.5515151515151515","","0.3493975903614458","","0.5578947368421052","0.46808510638297873","0.23255813953488372","0.4854614412136536","0.3465909090909091","0.5424836601307189","0.6","","0.42105263157894735","","0.4941176470588235","0.5057377049180328","0.654320987654321","0.4113924050632912","0.6052631578947368","0.6039603960396039","","0.5227272727272727","0.7142857142857143","0.4047619047619048","0.4235294117647059","0.459954233409611","0.5220125786163522","0.5686274509803921","","","","","","","0.4843087362171331","","0.4790419161676646","0.2926829268292683","0.4841628959276018","0.56353591160221","0.5208333333333334","0.7647058823529411","0.4634146341463415","0.19215686274509805","0.7935779816513762","0.7983870967741935","0.694078947368421","0.6460481099656358","0.5506329113924051","0.4627329192546584","","0.33797909407665505","0.22477064220183487","0.12154696132596685","0.038461538461538464","","","","0.44274809160305345","0.39080459770114945","0.6335616438356164","0.6153846153846154","","0.5454545454545454","0.5376344086021505","0.5853658536585366","0.24","0.6136363636363636","0.25882352941176473","","2.366630730522683e-8","1074790400","-0.10376206040382384","-0.0008320619817823172","-0.003319951007142663","0.02421867847442627"
"eval_4096_h+v[192]->256x2->32->32","0.7300646551724138","0.02346998863504268","192","","finished","-","","","2024-08-16T17:46:40.000Z","1325","t7p4kliv","","4096","","","16","","","h+v","","256","","32","","32","","0.0015","1073741824","eval","","","","","","","","","","","","","","","","","","","32","1024","","cs-master-thesis","","0.4417910447761194","0.4480088495575221","","","0.4222222222222222","0.4787878787878787","","0.3493975903614458","","0.49473684210526314","0.32978723404255317","0.19767441860465115","0.4551201011378002","0.2869318181818182","0.5163398692810458","0.5285714285714286","","0.5","","0.5058823529411764","0.4745901639344262","0.6296296296296297","0.3670886075949367","0.5847953216374269","0.6534653465346535","","0.5454545454545454","0.6373626373626373","0.42857142857142855","0.3647058823529411","0.41647597254004576","0.5","0.5294117647058824","","","","","","","0.45038167938931295","","0.3892215568862275","0.2682926829268293","0.4298642533936652","0.5082872928176796","0.5208333333333334","0.7647058823529411","0.6341463414634146","0.1450980392156863","0.8119266055045872","0.7540322580645161","0.6677631578947368","0.5876288659793815","0.5189873417721519","0.37577639751552794","","0.29965156794425085","0.17889908256880735","0.09944751381215468","0.054945054945054944","","","","0.3816793893129771","0.3333333333333333","0.6095890410958904","0.5934065934065934","","0.5584415584415584","0.5053763440860215","0.524390243902439","0.1904761904761905","0.6363636363636364","0.21176470588235297","","2.366630730522683e-8","1074790400","-0.04265309497714043","-0.0020244212355464697","-0.0011862439569085836","0.031571030616760254"